Step,Users,Drop-off,Overall %,Step %
Landing,416,0,100.0,100.0
Sign In,39,377,9.375,9.375
Welcome,2,37,0.4807692307692308,5.128205128205128
Subscription,1,1,0.2403846153846154,50.0
Settings,9,-8,2.1634615384615383,900.0
